date,followers_count,following_count,media_count,engagement_rate,average_likes,average_comments,comments_to_likes_ratio,weekly_posts
2026-06-01,27198,432,1343,5.853%,1559.3,32.5,2.084%,20.00
2026-05-31,27192,432,1343,5.854%,1559.3,32.5,2.084%,20.00
2026-05-30,27135,432,1338,4.632%,1232.0,24.9,2.021%,17.00
2026-05-29,27065,432,1333,4.406%,1169.1,23.5,2.010%,17.00
2026-05-28,27042,428,1330,6.502%,1737.2,21.1,1.215%,19.00
2026-05-27,27003,427,1328,6.156%,1637.3,25.1,1.533%,20.00
2026-05-26,26992,428,1326,6.365%,1692.9,25.1,1.483%,20.00
2026-05-25,26979,427,1324,7.299%,1939.9,29.3,1.510%,21.00
2026-05-24,26952,419,1322,7.898%,2096.8,32.0,1.526%,17.00
2026-05-23,26896,414,1316,10.519%,2785.0,44.1,1.583%,17.00
2026-05-22,26829,411,1314,6.931%,1838.8,20.8,1.131%,16.00
2026-05-21,26757,400,1309,8.925%,2363.0,25.1,1.062%,16.00
2026-05-20,26691,400,1305,11.051%,2916.8,32.9,1.128%,13.00
2026-05-19,26669,400,1302,10.952%,2889.0,31.8,1.101%,11.00
2026-05-18,26638,400,1300,10.572%,2786.3,29.8,1.070%,11.00
2026-05-17,26587,400,1298,10.402%,2735.8,29.9,1.093%,11.00
2026-05-16,26551,400,1297,15.222%,4009.0,32.7,0.816%,18.00
2026-05-15,26497,400,1295,12.128%,3182.1,31.4,0.987%,19.00
2026-05-14,26468,400,1292,12.560%,3291.7,32.7,0.993%,19.00
2026-05-13,26443,400,1291,12.353%,3234.1,32.3,0.999%,19.00
2026-05-12,26425,400,1290,11.455%,2992.5,34.4,1.150%,19.00
2026-05-11,26366,400,1289,9.158%,2378.3,36.4,1.531%,19.00
2026-05-10,26231,400,1287,10.974%,2847.3,31.4,1.103%,12.00
2026-05-09,26046,400,1279,11.231%,2893.7,31.4,1.085%,12.00
2026-05-08,25997,399,1274,11.815%,3040.8,30.8,1.013%,8.00
2026-05-07,25987,398,1273,9.980%,2573.8,19.8,0.769%,8.00
2026-05-06,25954,398,1272,8.943%,2303.4,17.7,0.768%,8.00
2026-05-05,25958,398,1271,9.506%,2448.8,18.7,0.764%,8.00
2026-05-04,25947,396,1270,9.665%,2485.7,22.0,0.885%,7.00
2026-05-03,25936,396,1268,9.686%,2478.6,33.6,1.356%,7.00
2026-05-02,25902,393,1267,9.536%,2435.1,34.8,1.429%,11.00
2026-05-01,25894,392,1266,8.168%,2085.6,29.3,1.405%,16.00
2026-04-30,25884,392,1265,6.905%,1760.9,26.5,1.505%,17.00
2026-04-29,25851,393,1264,6.966%,1775.5,25.4,1.431%,17.00
2026-04-28,25822,392,1263,6.289%,1597.9,26.0,1.627%,17.00
2026-04-27,25793,391,1262,6.143%,1549.8,34.7,2.239%,18.00
2026-04-26,25715,389,1261,14.580%,3708.6,40.6,1.095%,14.00
2026-04-25,25640,384,1256,15.762%,3996.3,45.1,1.129%,14.00
2026-04-24,25586,383,1250,16.754%,4231.8,54.8,1.295%,8.00
2026-04-23,25571,383,1248,16.397%,4138.9,54.1,1.307%,8.00
2026-04-22,25556,383,1247,16.340%,4123.3,52.6,1.276%,9.00
2026-04-21,25539,384,1246,17.494%,4408.0,59.8,1.357%,8.00
2026-04-20,25506,380,1245,17.247%,4337.5,61.6,1.420%,8.00
2026-04-19,25481,373,1243,16.065%,4036.8,56.8,1.407%,7.00
2026-04-18,25449,372,1242,15.356%,3856.3,51.7,1.341%,7.00
2026-04-17,25430,371,1241,13.807%,3458.8,52.2,1.509%,7.00
2026-04-16,25398,369,1240,14.084%,3517.8,59.3,1.686%,7.00
2026-04-15,25377,368,1238,12.909%,3219.8,56.1,1.742%,6.00
2026-04-14,25338,368,1238,11.879%,2955.8,54.0,1.827%,7.00
2026-04-13,25307,369,1237,12.237%,3043.7,53.0,1.741%,7.00
2026-04-12,25285,369,1236,13.107%,3262.8,51.3,1.572%,7.00
2026-04-11,25198,368,1235,14.082%,3495.7,52.6,1.505%,7.00
2026-04-10,25160,364,1234,14.692%,3640.2,56.4,1.549%,7.00
2026-04-09,25142,363,1233,12.843%,3183.7,45.4,1.426%,7.00
2026-04-08,25104,363,1232,12.087%,2992.2,42.2,1.410%,7.00
2026-04-07,25090,364,1231,26.947%,6646.0,115.0,1.730%,8.00
2026-04-06,25069,364,1230,26.483%,6525.7,113.3,1.736%,10.00
2026-04-05,25055,364,1228,25.617%,6308.2,110.2,1.747%,11.00
2026-04-04,25035,363,1227,20.244%,4986.9,81.3,1.630%,18.00
2026-04-03,25004,360,1226,17.306%,4259.6,67.7,1.589%,20.00
2026-04-02,24951,359,1225,16.766%,4117.9,65.5,1.591%,22.00
2026-04-01,24889,359,1224,15.362%,3760.5,62.9,1.673%,20.00
2026-03-31,24734,359,1222,16.422%,3995.9,66.0,1.652%,18.00
2026-03-30,24547,359,1220,6.180%,1502.4,14.5,0.965%,18.00
2026-03-29,24154,359,1217,8.279%,1983.7,15.9,0.802%,19.00
2026-03-28,24074,356,1209,7.426%,1772.7,15.1,0.852%,13.00
2026-03-27,24033,355,1206,8.119%,1933.5,17.8,0.921%,15.00
2026-03-26,24022,354,1203,8.076%,1922.2,17.8,0.926%,13.00
2026-03-25,24014,354,1203,7.267%,1727.4,17.7,1.025%,15.00
2026-03-24,23995,353,1203,7.174%,1703.7,17.6,1.033%,15.00
2026-03-23,23961,353,1202,10.010%,2361.3,37.2,1.575%,15.00
2026-03-22,23915,351,1198,10.187%,2400.0,36.3,1.513%,12.00
2026-03-21,23833,347,1196,14.857%,3479.7,61.2,1.759%,11.00
2026-03-20,23754,346,1191,14.633%,3411.8,64.2,1.882%,7.00
2026-03-19,23736,345,1190,13.817%,3223.0,56.5,1.753%,7.00
2026-03-18,23710,345,1189,12.129%,2833.4,42.3,1.493%,7.00
2026-03-17,23718,346,1188,12.230%,2856.4,44.2,1.547%,7.00
2026-03-16,23711,342,1187,14.483%,3381.3,52.7,1.559%,7.00
2026-03-15,23698,342,1186,14.296%,3335.4,52.5,1.574%,7.00
2026-03-14,23670,342,1184,13.067%,3043.4,49.6,1.630%,7.00
2026-03-13,23660,342,1184,11.031%,2569.0,41.0,1.596%,7.00
2026-03-12,23644,342,1183,10.892%,2535.0,40.2,1.586%,7.00
2026-03-11,23637,343,1182,13.945%,3246.9,49.3,1.518%,7.00
2026-03-10,23628,342,1181,13.631%,3174.7,46.1,1.452%,7.00
2026-03-09,23630,342,1179,15.099%,3537.8,30.1,0.851%,8.00
2026-03-08,23605,342,1179,16.194%,3781.5,41.0,1.084%,11.00
2026-03-07,23587,342,1178,16.831%,3928.0,41.9,1.067%,15.00
2026-03-06,23561,341,1177,16.593%,3867.6,41.8,1.081%,15.00
2026-03-05,23543,339,1176,17.553%,4086.1,46.3,1.133%,15.00
2026-03-04,23517,337,1175,16.746%,3890.8,47.4,1.218%,15.00
2026-03-03,23477,336,1174,17.170%,3984.8,46.3,1.162%,15.00
2026-03-02,23417,335,1173,13.563%,3138.1,38.0,1.211%,15.00
2026-03-01,23383,334,1171,13.098%,3011.9,50.8,1.687%,15.00
2026-02-28,23327,334,1167,12.548%,2878.3,48.7,1.692%,11.00
2026-02-27,23251,328,1162,11.064%,2529.8,42.7,1.688%,12.00
2026-02-26,23220,327,1161,10.487%,2394.4,40.6,1.696%,11.00
2026-02-25,23202,327,1160,10.135%,2311.6,40.0,1.730%,11.00
2026-02-24,23156,327,1159,9.887%,2250.9,38.6,1.715%,11.00
2026-02-23,23143,327,1158,9.366%,2130.8,36.7,1.722%,10.00
2026-02-22,23123,328,1156,7.083%,1606.3,31.5,1.961%,11.00
2026-02-21,23100,327,1154,7.220%,1631.7,36.2,2.219%,9.00
2026-02-20,23061,323,1151,7.380%,1667.7,34.3,2.057%,7.00
2026-02-19,23057,317,1150,6.169%,1406.2,16.1,1.145%,8.00
2026-02-18,23046,317,1149,8.825%,2004.6,29.2,1.457%,8.00
2026-02-17,23043,316,1148,12.406%,2826.9,31.9,1.128%,7.00
2026-02-16,23042,308,1147,13.073%,2977.9,34.4,1.155%,7.00
2026-02-15,23036,308,1145,13.958%,3182.4,32.9,1.034%,7.00
2026-02-14,23030,308,1145,13.883%,3164.2,33.0,1.043%,7.00
2026-02-13,23033,308,1144,15.715%,3577.6,42.1,1.177%,7.00
2026-02-12,23038,306,1142,15.515%,3532.5,41.8,1.183%,6.00
2026-02-11,23019,306,1141,15.023%,3418.7,39.5,1.155%,7.00
2026-02-10,22997,304,1140,16.455%,3742.8,41.3,1.103%,7.00
2026-02-09,22973,304,1139,17.424%,3957.6,45.2,1.142%,7.00
2026-02-08,22948,303,1138,18.695%,4236.3,53.8,1.270%,7.00
2026-02-07,22933,301,1138,17.971%,4068.5,52.8,1.298%,7.00
2026-02-06,22902,301,1137,19.900%,4512.4,45.2,1.002%,8.00
2026-02-05,22856,301,1136,17.773%,4015.4,46.8,1.166%,12.00
2026-02-04,22826,301,1135,16.752%,3776.0,47.7,1.263%,11.00
2026-02-03,22803,301,1134,16.217%,3649.8,48.2,1.321%,11.00
2026-02-02,22772,301,1133,19.036%,4285.0,49.8,1.162%,11.00
2026-02-01,22754,301,1131,17.945%,4028.4,54.7,1.358%,11.00
2026-01-31,22737,300,1130,20.797%,4670.9,57.8,1.237%,11.00
2026-01-30,22704,299,1128,20.298%,4550.6,57.9,1.272%,10.00
2026-01-29,22593,297,1123,17.429%,3873.3,64.4,1.663%,7.00
2026-01-28,22538,297,1121,17.366%,3849.9,64.1,1.665%,7.00
2026-01-27,22526,295,1120,16.237%,3599.0,58.6,1.628%,7.00
2026-01-26,22518,293,1119,15.698%,3480.6,54.3,1.560%,7.00
2026-01-25,22516,292,1118,15.578%,3451.6,55.9,1.620%,7.00
2026-01-24,22510,293,1117,13.199%,2918.4,52.6,1.802%,6.00
2026-01-23,22492,338,1116,13.103%,2895.2,52.0,1.796%,5.00
2026-01-22,22489,339,1115,15.337%,3403.8,45.4,1.334%,6.00
2026-01-21,22484,330,1114,14.888%,3305.4,42.1,1.274%,5.00
2026-01-20,22472,328,1113,13.678%,3030.5,43.2,1.426%,5.00
2026-01-19,22461,327,1112,14.674%,3249.3,46.7,1.437%,5.00
2026-01-18,22458,327,1111,13.549%,2994.0,48.8,1.630%,4.00
2026-01-17,22455,326,1111,13.321%,2943.5,47.8,1.624%,4.00
2026-01-16,22443,326,1110,12.422%,2743.6,44.2,1.611%,4.00
2026-01-15,22434,326,1109,12.303%,2716.7,43.4,1.598%,3.00
2026-01-14,22421,326,1108,13.712%,3034.5,39.8,1.312%,3.00
2026-01-13,22409,327,1108,13.651%,3019.7,39.4,1.305%,3.00
2026-01-12,22416,326,1107,13.469%,2980.4,38.8,1.302%,4.00
2026-01-11,22411,326,1107,13.355%,2954.4,38.6,1.307%,5.00
2026-01-10,22417,326,1107,13.156%,2911.3,37.9,1.302%,5.00
2026-01-09,22410,326,1106,13.500%,2972.7,52.7,1.773%,6.00
2026-01-08,22409,326,1106,13.269%,2921.6,51.9,1.776%,6.00
2026-01-07,22405,326,1105,13.568%,2987.6,52.3,1.751%,7.00
2026-01-06,22401,326,1105,13.715%,3008.3,63.9,2.124%,7.00
2026-01-05,22401,326,1104,14.162%,3110.2,62.3,2.003%,7.00
2026-01-04,22388,325,1103,13.856%,3040.3,61.8,2.033%,7.00
2026-01-03,22390,325,1102,13.679%,3002.8,60.0,1.998%,7.00
2026-01-02,22375,324,1101,15.089%,3308.6,67.6,2.043%,6.00
2026-01-01,22321,324,1100,14.825%,3242.0,67.0,2.067%,5.00
2025-12-31,22321,322,1098,14.660%,3206.1,66.2,2.065%,4.00
2025-12-30,22326,322,1098,16.967%,3708.4,79.7,2.149%,5.00
2025-12-29,22322,322,1097,16.899%,3697.3,74.9,2.026%,4.00
2025-12-28,22326,322,1096,17.572%,3849.6,73.5,1.909%,4.00
2025-12-27,22320,320,1095,17.227%,3773.3,71.8,1.903%,3.00
2025-12-26,22318,319,1094,16.752%,3668.4,70.3,1.916%,4.00
2025-12-25,22309,319,1094,16.892%,3701.9,66.6,1.799%,5.00
2025-12-24,22288,319,1094,16.478%,3606.9,65.8,1.824%,5.00
2025-12-23,22274,319,1093,18.182%,3974.2,75.6,1.902%,6.00
2025-12-22,22268,319,1093,21.140%,4644.4,63.0,1.356%,6.00
2025-12-21,22267,318,1092,20.742%,4558.3,60.3,1.323%,6.00
2025-12-20,22266,318,1091,19.785%,4348.2,57.1,1.313%,7.00
2025-12-19,22254,317,1091,20.209%,4443.0,54.4,1.224%,7.00
2025-12-18,22250,314,1090,21.226%,4642.4,80.3,1.730%,7.00
2025-12-17,22249,311,1089,20.572%,4498.2,78.8,1.752%,7.00
2025-12-16,22236,311,1087,20.813%,4552.0,75.9,1.667%,6.00
2025-12-15,22212,310,1087,19.656%,4291.9,74.0,1.724%,7.00
2025-12-14,22184,310,1086,19.300%,4216.8,64.8,1.537%,7.00
2025-12-13,22134,309,1085,18.684%,4072.3,63.3,1.554%,6.00
2025-12-12,22124,309,1084,18.330%,3993.0,62.3,1.560%,6.00
2025-12-11,22127,309,1083,17.663%,3840.5,67.7,1.763%,6.00
2025-12-10,22115,309,1082,15.173%,3297.5,58.0,1.759%,6.00
2025-12-09,22119,309,1081,17.605%,3825.4,68.7,1.796%,6.00
2025-12-08,22120,309,1080,20.124%,4376.8,74.6,1.704%,6.00
2025-12-07,22122,309,1079,19.916%,4332.9,73.0,1.685%,6.00
2025-12-06,22116,309,1078,19.346%,4213.2,65.4,1.552%,7.00
2025-12-05,22106,309,1078,20.276%,4435.8,46.5,1.048%,7.00
2025-12-04,22107,309,1077,20.167%,4412.0,46.3,1.049%,7.00
2025-12-03,22096,309,1076,21.856%,4775.3,54.0,1.131%,7.00
2025-12-02,22086,308,1075,20.834%,4551.1,50.4,1.107%,7.00
2025-12-01,22081,308,1074,19.880%,4342.0,47.7,1.099%,7.00
2025-11-30,22055,305,1073,23.053%,5026.8,57.6,1.146%,7.00
2025-11-29,22000,301,1072,22.926%,4985.2,58.6,1.175%,7.00
2025-11-28,21991,301,1071,22.725%,4940.3,57.1,1.156%,7.00
2025-11-27,21978,301,1070,23.003%,5004.3,51.2,1.023%,7.00
2025-11-26,21960,300,1069,22.673%,4923.8,55.3,1.123%,7.00
2025-11-25,21928,300,1068,20.221%,4386.6,47.4,1.081%,9.00
2025-11-24,21878,300,1067,17.873%,3869.0,41.3,1.067%,11.00
2025-11-23,21853,300,1066,17.283%,3736.1,40.7,1.089%,13.00
2025-11-22,21842,301,1065,13.845%,2990.8,33.2,1.110%,15.00
2025-11-21,21818,301,1064,11.182%,2415.7,24.0,0.994%,16.00
2025-11-20,21777,301,1063,10.954%,2360.8,24.6,1.042%,16.00
2025-11-19,21721,301,1062,8.851%,1907.0,15.6,0.818%,16.00
2025-11-18,21611,300,1061,10.517%,2247.0,25.8,1.148%,14.00
2025-11-17,21517,301,1057,14.441%,3072.0,35.3,1.149%,12.00
2025-11-16,21462,302,1054,22.097%,4698.6,43.8,0.932%,10.00
2025-11-15,21437,296,1051,30.702%,6527.8,53.7,0.823%,8.00
2025-11-14,21420,296,1048,30.389%,6454.5,54.8,0.849%,7.00
2025-11-13,21394,294,1046,28.338%,6011.9,50.8,0.845%,7.00
2025-11-12,21372,294,1045,28.050%,5944.8,50.1,0.843%,7.00
2025-11-11,21352,294,1043,25.560%,5421.9,35.7,0.658%,6.00
2025-11-10,21282,294,1043,25.049%,5296.2,34.8,0.657%,7.00
2025-11-09,21273,294,1042,23.891%,5049.2,33.2,0.658%,7.00
2025-11-08,21261,295,1041,23.468%,4956.7,32.8,0.662%,7.00
2025-11-07,21243,294,1040,20.916%,4415.8,27.3,0.618%,7.00
2025-11-06,21230,292,1039,21.111%,4455.3,26.6,0.597%,7.00
2025-11-05,21216,292,1038,19.990%,4214.5,26.5,0.629%,7.00
2025-11-04,21194,291,1037,16.701%,3519.6,20.0,0.568%,7.00
2025-11-03,21171,292,1036,15.907%,3348.4,19.3,0.576%,7.00
2025-11-02,21150,290,1035,14.635%,3077.9,17.4,0.565%,8.00
2025-11-01,21126,289,1034,8.808%,1847.4,13.3,0.720%,10.00
2025-10-31,21095,289,1033,14.956%,3141.2,13.8,0.439%,10.00
2025-10-30,21085,319,1032,14.319%,3006.9,12.3,0.409%,10.00
2025-10-29,21072,321,1031,13.735%,2882.0,12.2,0.423%,10.00
2025-10-28,21061,321,1030,16.578%,3476.3,15.1,0.434%,10.00
2025-10-27,21048,322,1029,20.541%,4272.9,50.5,1.182%,10.00
2025-10-26,21035,321,1027,22.626%,4693.5,65.9,1.404%,9.00
2025-10-25,21028,321,1025,23.260%,4818.2,73.0,1.515%,8.00
2025-10-24,21027,321,1023,23.353%,4838.8,71.6,1.480%,7.00
2025-10-23,21025,321,1022,23.034%,4771.6,71.2,1.492%,7.00
2025-10-22,21015,321,1021,22.634%,4687.8,68.7,1.466%,7.00
2025-10-21,20999,321,1020,25.385%,5251.4,79.1,1.506%,7.00
2025-10-20,20985,320,1019,19.590%,4035.8,75.1,1.861%,7.00
2025-10-19,20936,319,1018,20.761%,4269.5,77.0,1.803%,7.00
2025-10-18,20908,319,1017,21.650%,4450.8,75.7,1.701%,7.00
2025-10-17,20883,319,1016,20.810%,4274.2,71.5,1.673%,7.00
2025-10-16,20865,318,1015,19.059%,3916.5,60.2,1.537%,7.00
2025-10-15,20835,317,1014,17.090%,3516.4,44.4,1.263%,7.00
2025-10-14,20806,315,1013,14.818%,3053.3,29.8,0.976%,7.00
2025-10-13,20763,315,1012,16.963%,3485.8,36.3,1.041%,7.00
2025-10-12,20735,315,1011,22.242%,4561.1,50.7,1.112%,9.00
2025-10-11,20701,315,1010,29.486%,6032.8,71.2,1.180%,9.00
2025-10-10,20691,316,1009,30.825%,6300.8,77.3,1.227%,9.00
2025-10-09,20666,315,1008,29.855%,6098.8,71.1,1.166%,9.00
2025-10-08,20621,314,1007,28.568%,5822.3,68.8,1.182%,10.00
2025-10-07,20584,315,1006,29.516%,6011.5,64.1,1.066%,10.00
2025-10-06,20557,315,1005,37.257%,7578.6,80.3,1.060%,9.00
2025-10-05,20524,314,1004,36.810%,7475.1,79.8,1.068%,9.00
2025-10-04,20485,314,1001,40.716%,8247.2,93.5,1.134%,10.00
2025-10-03,20448,313,1000,36.126%,7304.9,82.2,1.125%,9.00
2025-10-02,20347,313,999,31.409%,6326.4,64.3,1.016%,9.00
2025-10-01,20288,313,998,29.651%,5934.8,80.7,1.360%,8.00
2025-09-30,20231,312,996,28.567%,5700.8,78.5,1.377%,8.00
2025-09-29,20202,311,995,29.655%,5902.3,88.6,1.501%,9.00
2025-09-28,20138,311,995,25.901%,5131.8,84.1,1.639%,6.00
2025-09-27,20050,309,990,21.125%,4156.7,78.8,1.896%,6.00
2025-09-26,19963,308,990,20.352%,3984.7,78.2,1.963%,7.00
2025-09-25,19958,306,989,20.831%,4081.7,75.8,1.857%,6.00
2025-09-24,19951,304,988,18.700%,3662.5,68.4,1.868%,6.00
2025-09-23,19943,304,987,18.410%,3605.0,66.5,1.845%,6.00
2025-09-22,19941,303,986,18.298%,3582.7,66.1,1.845%,6.00
2025-09-21,19935,303,985,17.635%,3451.8,63.8,1.848%,6.00
2025-09-20,19922,303,984,18.182%,3584.1,38.2,1.066%,9.00
2025-09-19,19907,301,983,15.336%,3020.3,32.7,1.083%,14.00
2025-09-18,19898,301,982,14.750%,2903.1,31.9,1.099%,16.00
2025-09-17,19874,299,982,11.636%,2290.9,21.6,0.943%,16.00
2025-09-16,19829,299,981,11.423%,2244.3,20.8,0.927%,17.00
2025-09-15,19811,299,980,10.140%,1997.8,11.1,0.556%,17.00
2025-09-14,19786,299,979,9.306%,1830.5,10.8,0.590%,16.00
2025-09-13,19751,298,975,11.051%,2170.9,11.8,0.544%,16.00
2025-09-12,19721,298,971,9.920%,1943.8,12.6,0.648%,16.00
2025-09-11,19693,298,968,9.854%,1928.0,12.5,0.648%,13.00
2025-09-10,19685,298,966,9.045%,1769.2,11.3,0.639%,9.00
2025-09-09,19683,297,964,12.164%,2365.8,28.5,1.205%,9.00
2025-09-08,19670,297,963,22.118%,4294.5,56.2,1.309%,9.00
2025-09-07,19643,297,961,29.965%,5821.3,64.8,1.113%,8.00
2025-09-06,19625,296,959,29.479%,5721.0,64.3,1.124%,7.00
2025-09-05,19619,296,955,28.876%,5601.5,63.7,1.137%,5.00
2025-09-04,19605,296,955,28.716%,5566.6,63.2,1.135%,5.00
2025-09-03,19583,296,955,27.628%,5351.3,59.0,1.103%,8.00
2025-09-02,19571,296,955,27.639%,5349.8,59.4,1.110%,8.00
2025-09-01,19558,296,954,26.783%,5180.7,57.6,1.112%,8.00
2025-08-31,19545,296,953,26.032%,5031.6,56.3,1.119%,10.00
2025-08-30,19541,296,952,24.085%,4656.1,50.3,1.080%,12.00
2025-08-29,19508,296,938,23.347%,4477.5,77.1,1.722%,12.00
2025-08-28,19442,295,937,17.618%,3371.8,53.5,1.587%,12.00
2025-08-27,19331,295,936,15.757%,2990.0,56.0,1.873%,11.00
2025-08-26,19233,294,934,12.614%,2370.7,55.3,2.333%,11.00
2025-08-25,19186,293,933,14.110%,2653.3,53.8,2.028%,11.00
2025-08-24,19157,292,930,13.610%,2555.8,51.5,2.015%,12.00
2025-08-23,19138,292,929,13.145%,2467.3,48.3,1.958%,13.00
2025-08-22,19121,291,926,13.016%,2442.0,46.7,1.912%,13.00
2025-08-21,19114,291,924,11.501%,2179.6,18.7,0.858%,13.00
2025-08-20,19100,291,924,13.253%,2512.2,19.1,0.760%,15.00
2025-08-19,19064,290,923,12.605%,2387.6,15.5,0.649%,15.00
2025-08-18,19045,290,922,13.199%,2487.5,26.3,1.057%,14.00
2025-08-17,19023,290,920,15.225%,2860.0,36.2,1.266%,14.00
2025-08-16,19012,290,917,15.351%,2882.4,36.2,1.256%,11.00
2025-08-15,19000,290,913,17.006%,3181.4,49.8,1.565%,7.00
2025-08-14,18988,292,911,15.802%,2954.4,46.0,1.557%,5.00
2025-08-13,18977,293,909,17.185%,3212.3,48.9,1.522%,5.00
2025-08-12,18971,292,908,17.798%,3339.5,37.0,1.108%,5.00
2025-08-11,18960,292,907,17.454%,3273.5,35.8,1.094%,5.00
2025-08-10,18967,288,906,17.747%,3331.3,34.7,1.042%,5.00
2025-08-09,18962,288,906,16.925%,3179.4,29.9,0.940%,4.00
2025-08-08,18962,289,905,16.783%,3152.6,29.8,0.945%,4.00
2025-08-07,18958,289,904,18.575%,3477.8,43.6,1.254%,4.00
2025-08-06,18949,289,904,18.183%,3401.8,43.7,1.285%,3.00
2025-08-05,18942,288,903,17.880%,3344.8,42.1,1.259%,3.00
2025-08-04,18935,287,902,17.664%,3303.3,41.3,1.250%,2.00
2025-08-03,18928,287,901,17.450%,3261.8,41.1,1.260%,3.00
2025-08-02,18919,287,901,17.820%,3331.3,40.0,1.201%,3.00
2025-08-01,18911,287,901,17.379%,3247.8,38.8,1.195%,3.00
2025-07-31,18911,287,900,17.284%,3230.0,38.5,1.192%,3.00
2025-07-30,18895,287,900,17.178%,3208.8,37.0,1.153%,5.00
2025-07-29,18878,287,900,16.910%,3156.4,35.8,1.134%,5.00
2025-07-28,18868,287,899,24.642%,4591.4,58.1,1.265%,5.00
2025-07-27,18846,287,899,24.129%,4490.0,57.3,1.276%,6.00
2025-07-26,18843,287,898,23.360%,4346.2,55.5,1.277%,9.00
2025-07-25,18814,287,898,23.919%,4430.7,69.4,1.566%,10.00
2025-07-24,18782,287,897,27.811%,5154.4,69.1,1.341%,10.00
2025-07-23,18760,287,896,27.181%,5030.8,68.4,1.360%,10.00
2025-07-22,18747,287,895,26.145%,4835.8,65.6,1.357%,10.00
2025-07-21,18719,287,894,32.175%,5953.0,69.8,1.173%,10.00
2025-07-20,18699,287,893,31.096%,5761.4,53.2,0.923%,10.00
2025-07-19,18656,286,892,31.510%,5818.3,60.2,1.035%,11.00
2025-07-18,18574,286,889,24.750%,4559.8,37.3,0.818%,12.00
2025-07-17,18493,286,887,23.180%,4251.9,34.8,0.818%,14.00
2025-07-16,18479,285,886,22.270%,4092.3,22.9,0.560%,13.00
2025-07-15,18457,285,885,19.261%,3534.2,20.8,0.589%,12.00
2025-07-14,18432,284,884,18.197%,3329.5,24.5,0.736%,12.00
2025-07-13,18394,284,883,18.449%,3369.3,24.2,0.718%,12.00
2025-07-12,18350,282,881,21.349%,3898.3,19.3,0.495%,6.00
2025-07-11,18329,282,877,20.804%,3760.8,52.4,1.393%,4.00
2025-07-10,18320,282,873,20.630%,3727.1,52.3,1.403%,2.00
2025-07-09,18316,280,872,20.544%,3710.5,52.3,1.410%,2.00
2025-07-08,18313,280,872,21.647%,3911.3,52.9,1.352%,4.00
2025-07-07,18314,280,872,21.559%,3895.7,52.6,1.350%,4.00
2025-07-06,18312,279,871,21.323%,3852.3,52.3,1.358%,3.00
2025-07-05,18309,279,871,23.142%,4184.7,52.3,1.250%,3.00
2025-07-04,18302,279,871,22.345%,4038.2,51.3,1.270%,6.00
2025-07-03,18291,279,870,20.169%,3642.1,47.1,1.293%,6.00
2025-07-02,18266,279,870,17.592%,3169.0,44.3,1.398%,6.00
2025-07-01,18238,279,869,17.359%,3122.0,44.0,1.409%,6.00
2025-06-30,18231,279,868,17.189%,3090.0,43.8,1.417%,6.00
2025-06-29,18201,279,868,14.912%,2671.8,42.3,1.583%,7.00
2025-06-28,18154,279,868,24.210%,4328.7,66.4,1.534%,9.00
2025-06-27,18135,279,865,23.527%,4201.5,65.2,1.552%,7.00
2025-06-26,18128,279,864,22.757%,4058.2,67.1,1.653%,7.00
2025-06-25,18105,279,864,24.052%,4286.3,68.3,1.593%,7.00
2025-06-24,18080,279,863,23.137%,4116.6,66.5,1.615%,6.00
2025-06-23,18052,279,862,27.255%,4880.8,39.3,0.805%,6.00
2025-06-22,18018,279,861,26.727%,4777.0,38.7,0.810%,5.00
2025-06-21,18012,278,859,27.258%,4869.1,40.6,0.834%,3.00
2025-06-20,18004,278,858,26.982%,4817.3,40.5,0.841%,3.00
2025-06-19,17997,278,857,26.727%,4769.8,40.3,0.845%,3.00
2025-06-18,17983,278,857,26.132%,4659.9,39.5,0.848%,5.00
2025-06-17,17964,278,857,26.014%,4633.8,39.3,0.848%,5.00
2025-06-16,17954,278,856,25.623%,4561.4,38.9,0.853%,6.00
2025-06-15,17942,278,856,24.897%,4428.8,38.3,0.865%,8.00
2025-06-14,17929,278,856,23.614%,4198.0,35.8,0.853%,11.00
2025-06-13,17902,278,855,22.565%,4006.3,33.3,0.831%,13.00
2025-06-12,17863,278,854,15.736%,2797.0,14.0,0.501%,13.00
2025-06-11,17758,281,853,18.621%,3266.9,39.8,1.218%,13.00
2025-06-10,17730,281,852,24.045%,4204.6,58.6,1.394%,12.00
2025-06-09,17714,280,850,23.903%,4175.3,58.9,1.411%,11.00
2025-06-08,17668,280,848,23.143%,4031.1,57.8,1.434%,9.00
2025-06-07,17627,278,845,22.703%,3944.5,57.3,1.453%,6.00
2025-06-06,17607,277,842,21.429%,3718.1,54.9,1.477%,4.00
2025-06-05,17584,277,841,21.063%,3650.0,53.7,1.471%,3.00
2025-06-04,17570,273,840,19.404%,3361.7,47.6,1.416%,3.00
2025-06-03,17559,273,840,18.885%,3271.3,44.8,1.369%,4.00
2025-06-02,17554,273,839,18.359%,3180.6,42.2,1.327%,5.00
2025-06-01,17525,273,839,16.041%,2784.2,27.0,0.970%,5.00
2025-05-31,17494,274,839,15.444%,2676.1,25.6,0.957%,8.00
2025-05-30,17438,272,838,11.041%,1915.5,9.8,0.512%,10.00
2025-05-29,17312,270,838,11.947%,2055.3,12.9,0.628%,12.00
2025-05-28,17279,270,837,13.119%,2256.3,10.5,0.465%,12.00
2025-05-27,17182,269,836,12.450%,2127.6,11.5,0.541%,12.00
2025-05-26,17178,269,834,18.502%,3153.6,24.6,0.780%,11.00
2025-05-25,17155,269,834,28.129%,4764.2,61.3,1.287%,12.00
2025-05-24,17141,269,831,28.154%,4763.6,62.3,1.308%,9.00
2025-05-23,17111,268,828,26.313%,4442.6,59.8,1.346%,7.00
2025-05-22,17094,268,826,26.087%,4401.8,57.5,1.306%,6.00
2025-05-21,17078,268,825,25.355%,4273.7,56.5,1.322%,6.00
2025-05-20,17056,267,824,26.808%,4512.8,59.5,1.318%,6.00
2025-05-19,17025,267,823,25.414%,4270.7,56.0,1.311%,7.00
2025-05-18,16970,266,822,22.995%,3853.5,48.8,1.266%,8.00
2025-05-17,16937,267,822,22.313%,3731.4,47.8,1.281%,10.00
2025-05-16,16903,266,821,20.294%,3388.2,42.1,1.243%,12.00
2025-05-15,16886,264,820,15.746%,2644.8,14.0,0.529%,14.00
2025-05-14,16835,263,819,14.457%,2420.1,13.8,0.570%,14.00
2025-05-13,16812,262,818,12.047%,2012.7,12.6,0.626%,14.00
2025-05-12,16791,262,816,21.917%,3662.8,17.3,0.472%,12.00
2025-05-11,16782,262,814,19.720%,3295.8,13.6,0.413%,11.00
2025-05-10,16718,262,812,20.331%,3385.7,13.3,0.393%,10.00
2025-05-09,16692,261,809,19.575%,3255.5,12.0,0.369%,7.00
2025-05-08,16686,261,806,19.126%,3179.5,11.8,0.371%,4.00
2025-05-07,16679,261,805,18.631%,3095.8,11.7,0.378%,3.00
2025-05-06,16676,260,804,18.297%,3039.4,11.8,0.388%,3.00
2025-05-05,16673,260,804,17.607%,2923.3,12.3,0.421%,4.00
2025-05-04,16667,260,803,17.211%,2856.2,12.3,0.431%,4.00
2025-05-03,16666,260,802,16.598%,2754.1,12.1,0.439%,4.00
2025-05-02,16654,259,802,15.582%,2583.2,11.9,0.461%,8.00
2025-05-01,16643,259,802,12.811%,2121.3,10.9,0.514%,11.00
2025-04-30,16621,259,802,11.032%,1824.0,9.7,0.532%,12.00
2025-04-29,16617,259,801,10.382%,1715.8,9.3,0.542%,12.00
2025-04-28,16600,259,800,11.606%,1916.3,10.3,0.537%,11.00
2025-04-27,16590,259,799,16.750%,2767.8,11.0,0.397%,10.00
2025-04-26,16570,259,798,19.340%,3177.0,27.6,0.869%,10.00
2025-04-25,16569,259,794,18.917%,3107.8,26.5,0.853%,6.00
2025-04-24,16564,234,791,18.419%,3025.3,25.7,0.850%,4.00
2025-04-23,16557,234,790,18.139%,2977.9,25.3,0.850%,4.00
2025-04-22,16562,234,789,17.808%,2924.5,24.9,0.851%,4.00
2025-04-21,16552,234,789,17.762%,2915.9,24.0,0.823%,5.00
2025-04-20,16544,234,789,17.243%,2829.0,23.7,0.838%,9.00
2025-04-19,16536,234,788,15.498%,2540.8,22.0,0.866%,10.00
2025-04-18,16518,234,788,13.433%,2198.8,20.1,0.914%,13.00
2025-04-17,16491,233,787,9.446%,1538.0,19.8,1.287%,13.00
2025-04-16,16467,234,786,8.470%,1379.2,15.5,1.124%,13.00
2025-04-15,16423,235,785,6.637%,1080.1,9.9,0.917%,13.00
2025-04-14,16403,235,784,10.942%,1786.0,8.8,0.493%,13.00
2025-04-13,16377,235,780,20.092%,3271.3,19.1,0.584%,9.00
2025-04-12,16373,235,778,20.009%,3256.7,19.4,0.596%,7.00
2025-04-11,16371,235,775,20.138%,3278.7,18.1,0.552%,4.00
2025-04-10,16372,235,774,19.946%,3248.8,16.8,0.517%,4.00
2025-04-09,16366,235,773,19.887%,3237.9,16.8,0.519%,4.00
2025-04-08,16360,233,772,19.617%,3192.6,16.7,0.523%,4.00
2025-04-07,16354,233,771,19.313%,3142.1,16.4,0.522%,5.00
2025-04-06,16351,208,771,18.921%,3077.7,16.1,0.523%,9.00
2025-04-05,16336,209,771,18.279%,2970.5,15.5,0.522%,12.00
2025-04-04,16310,209,771,17.072%,2771.1,13.4,0.484%,14.00
2025-04-03,16295,209,770,19.313%,3129.7,17.3,0.553%,14.00
2025-04-02,16283,208,769,16.854%,2725.2,19.2,0.705%,13.00
2025-04-01,16262,208,768,16.116%,2601.2,19.6,0.753%,13.00
2025-03-31,16239,208,767,11.044%,1782.1,11.3,0.634%,12.00
2025-03-30,16171,208,763,16.799%,2702.2,14.3,0.529%,9.00
2025-03-29,16144,207,760,15.917%,2555.9,13.8,0.540%,8.00
2025-03-28,16131,207,758,15.137%,2427.6,14.1,0.581%,6.00
2025-03-27,16114,207,757,13.272%,2128.0,10.6,0.498%,5.00
2025-03-26,16100,207,757,13.052%,2091.4,9.9,0.473%,6.00
2025-03-25,16096,207,756,12.818%,2054.9,8.3,0.404%,6.00
2025-03-24,16092,206,755,15.925%,2553.3,9.3,0.364%,6.00
2025-03-23,16083,206,754,15.524%,2487.0,9.8,0.394%,9.00
2025-03-22,16069,205,752,15.110%,2418.3,9.8,0.405%,8.00
2025-03-21,16061,205,752,14.815%,2369.6,9.9,0.418%,10.00
2025-03-20,16039,205,752,13.247%,2112.5,12.2,0.578%,12.00
2025-03-19,16017,206,751,12.343%,1964.2,12.8,0.652%,12.00
2025-03-18,16010,206,750,16.417%,2605.7,22.6,0.867%,12.00
2025-03-17,16005,206,749,25.275%,4004.0,41.2,1.029%,11.00
2025-03-16,15980,206,745,27.486%,4349.6,42.6,0.979%,8.00
2025-03-15,15960,206,744,24.510%,3870.5,41.3,1.067%,7.00
2025-03-14,15935,205,742,24.593%,3878.0,40.9,1.055%,5.00
2025-03-13,15932,205,740,23.104%,3644.6,36.4,0.999%,4.00
2025-03-12,15892,205,739,22.896%,3602.3,36.3,1.008%,4.00
2025-03-11,15877,205,738,22.643%,3559.3,35.8,1.006%,4.00
2025-03-10,15858,205,738,22.237%,3491.2,35.1,1.005%,6.00
2025-03-09,15844,205,737,21.634%,3393.2,34.5,1.017%,5.00
2025-03-08,15785,205,737,19.465%,3047.4,25.2,0.827%,9.00
2025-03-07,15697,205,737,18.609%,2898.6,22.5,0.776%,12.00
2025-03-06,15662,205,736,16.920%,2633.6,16.4,0.623%,16.00
2025-03-05,15620,205,735,14.923%,2318.4,12.5,0.539%,16.00
2025-03-04,15562,205,734,14.121%,2185.6,11.9,0.544%,16.00
2025-03-03,15537,203,732,16.005%,2471.3,15.4,0.623%,15.00
2025-03-02,15488,202,732,28.683%,4405.4,37.1,0.842%,16.00
2025-03-01,15441,201,728,30.117%,4601.6,48.7,1.058%,12.00
2025-02-28,15370,201,725,27.640%,4204.4,43.9,1.044%,9.00
2025-02-27,15272,201,720,27.630%,4176.3,43.3,1.037%,5.00
2025-02-26,15232,200,719,28.053%,4235.6,37.4,0.883%,5.00
2025-02-25,15210,200,718,27.751%,4185.3,35.6,0.851%,6.00
2025-02-24,15171,200,717,26.611%,4002.5,34.6,0.864%,5.00
2025-02-23,15141,200,716,25.310%,3799.9,32.3,0.850%,5.00
2025-02-22,15082,200,716,28.106%,4203.9,35.1,0.835%,6.00
2025-02-21,15024,200,716,30.387%,4532.3,33.1,0.730%,7.00
2025-02-20,14948,200,715,28.325%,4209.5,24.5,0.582%,7.00
2025-02-19,14909,198,714,27.819%,4131.4,16.2,0.392%,8.00
2025-02-18,14904,198,712,26.602%,3949.4,15.3,0.387%,8.00
2025-02-17,14879,197,712,23.821%,3532.6,11.8,0.334%,9.00
2025-02-16,14848,197,711,23.972%,3546.7,12.6,0.355%,8.00
2025-02-15,14832,197,710,23.811%,3517.7,13.9,0.395%,8.00
2025-02-14,14813,197,709,26.322%,3878.9,20.2,0.521%,8.00
2025-02-13,14781,196,708,25.681%,3774.7,21.2,0.562%,9.00
2025-02-12,14707,195,706,21.352%,3123.3,17.0,0.544%,7.00
2025-02-11,14619,195,704,20.664%,3004.0,16.8,0.559%,7.00
2025-02-10,14583,195,703,19.216%,2785.7,16.6,0.596%,6.00
2025-02-09,14507,195,703,14.831%,2135.4,16.2,0.759%,7.00
2025-02-08,14464,195,702,18.809%,2700.2,20.3,0.752%,7.00
2025-02-07,14439,195,701,18.438%,2642.5,19.8,0.749%,8.00
2025-02-06,14431,195,699,20.473%,2927.1,27.4,0.936%,7.00
2025-02-05,14405,195,699,19.824%,2828.8,26.8,0.947%,9.00
2025-02-04,14387,192,697,21.327%,3042.3,26.0,0.855%,7.00
2025-02-03,14372,192,697,21.797%,3106.8,25.8,0.830%,8.00
2025-02-02,14341,192,696,21.981%,3123.9,28.4,0.909%,7.00
2025-02-01,14281,189,695,21.994%,3113.2,27.8,0.893%,6.00
2025-01-31,14261,189,693,21.473%,3034.8,27.5,0.906%,5.00
2025-01-30,14249,189,692,23.206%,3278.3,28.3,0.863%,5.00
2025-01-29,14247,189,690,23.225%,3278.0,30.9,0.943%,3.00
2025-01-28,14244,189,690,22.886%,3229.3,30.6,0.948%,4.00
2025-01-27,14234,189,689,22.477%,3168.9,30.5,0.962%,5.00
2025-01-26,14234,189,689,21.874%,3083.5,30.0,0.973%,7.00
2025-01-25,14218,189,689,20.850%,2935.3,29.1,0.991%,9.00
2025-01-24,14192,189,688,20.181%,2837.3,26.8,0.945%,8.00
2025-01-23,14182,189,687,19.492%,2738.5,25.9,0.946%,8.00
2025-01-22,14162,187,687,19.420%,2706.5,43.7,1.615%,9.00
2025-01-21,14131,187,686,19.156%,2669.1,37.9,1.420%,8.00
2025-01-20,14110,187,684,17.269%,2400.9,35.8,1.491%,7.00
2025-01-19,14073,187,682,16.274%,2254.0,36.2,1.606%,6.00
2025-01-18,14061,187,680,15.800%,2186.5,35.1,1.605%,4.00
2025-01-17,14056,187,680,14.491%,2002.0,34.9,1.743%,4.00
2025-01-16,14036,183,679,14.042%,1937.1,33.8,1.745%,4.00
2025-01-15,14032,183,678,14.219%,1964.0,31.2,1.589%,4.00
2025-01-14,14023,183,678,23.061%,3201.0,32.9,1.028%,4.00
2025-01-13,14019,181,677,22.815%,3165.8,32.6,1.030%,3.00
2025-01-12,14013,183,676,22.568%,3130.2,32.3,1.032%,3.00
2025-01-11,14011,183,676,22.243%,3084.6,31.9,1.034%,3.00
2025-01-10,14008,183,676,21.996%,3050.0,31.2,1.023%,3.00
2025-01-09,14003,183,675,20.700%,2869.3,29.3,1.021%,2.00
2025-01-08,13988,182,674,20.451%,2832.6,28.1,0.992%,2.00
2025-01-07,13981,182,674,23.195%,3221.8,21.1,0.655%,3.00
2025-01-06,13976,182,674,22.852%,3172.8,21.0,0.662%,5.00
2025-01-05,13976,181,673,22.511%,3125.3,20.8,0.666%,4.00
2025-01-04,13971,181,673,22.171%,3076.9,20.6,0.670%,4.00
2025-01-03,13975,181,673,22.016%,3058.2,18.6,0.608%,5.00
2025-01-02,13972,181,673,21.658%,3008.3,17.8,0.592%,5.00
2025-01-01,13967,181,672,23.539%,3265.6,22.1,0.677%,4.00
2024-12-31,13968,181,671,23.844%,3311.0,19.5,0.589%,3.00
2024-12-30,13972,181,669,23.728%,3295.8,19.5,0.592%,1.00
2024-12-29,13970,181,669,23.815%,3308.1,18.8,0.568%,1.00
2024-12-28,13969,181,669,23.720%,3294.7,18.8,0.571%,1.00
2024-12-27,13974,181,668,23.608%,3280.2,18.8,0.573%,0.00
2024-12-26,13970,181,668,23.515%,3266.4,18.6,0.569%,2.00
2024-12-25,13971,181,668,23.335%,3241.7,18.5,0.571%,2.00
2024-12-24,13978,181,668,23.101%,3210.7,18.4,0.573%,2.00
2024-12-23,13984,181,668,22.863%,3178.8,18.3,0.576%,2.00
2024-12-22,13987,181,668,22.591%,3141.5,18.3,0.583%,2.00
2024-12-21,13992,181,668,22.684%,3154.2,19.7,0.625%,2.00
2024-12-20,13989,181,668,23.355%,3248.3,18.8,0.579%,2.00
2024-12-19,13992,181,666,23.074%,3209.8,18.7,0.583%,1.00
2024-12-18,13987,181,666,22.764%,3165.5,18.5,0.584%,1.00
2024-12-17,13977,181,666,22.366%,3107.8,18.3,0.589%,1.00
2024-12-16,13982,181,666,21.851%,3037.3,17.9,0.589%,2.00
2024-12-15,13989,181,666,21.174%,2944.2,17.8,0.605%,2.00
2024-12-14,13989,181,666,20.369%,2831.7,17.7,0.625%,2.00
2024-12-13,13980,181,666,19.363%,2690.2,16.8,0.624%,2.00
2024-12-12,13978,181,665,18.028%,2503.8,16.1,0.643%,1.00
2024-12-11,13973,180,665,14.577%,2022.3,14.5,0.717%,2.00
2024-12-10,13958,180,665,14.491%,2008.2,14.4,0.717%,2.00
2024-12-09,13960,180,664,14.339%,1987.3,14.4,0.725%,1.00
2024-12-08,13962,180,664,14.161%,1962.9,14.3,0.729%,2.00
2024-12-07,13962,180,664,13.943%,1932.4,14.3,0.740%,2.00
2024-12-06,13966,180,664,13.922%,1929.9,14.5,0.751%,3.00
2024-12-05,13954,180,664,13.750%,1904.3,14.4,0.756%,3.00
2024-12-03,13947,180,663,16.510%,2291.4,11.2,0.489%,2.00
2024-12-02,13949,180,663,16.213%,2250.4,11.2,0.498%,4.00
2024-12-01,13940,180,662,15.909%,2206.5,11.2,0.508%,4.00
2024-11-30,13921,180,662,13.707%,1897.9,10.3,0.543%,4.00
2024-11-29,13902,179,661,13.501%,1866.7,10.2,0.546%,4.00
2024-11-28,13896,179,661,13.237%,1831.2,8.2,0.448%,4.00
2024-11-27,13892,179,661,12.775%,1766.3,8.4,0.476%,6.00
2024-11-26,13884,179,661,13.297%,1835.2,10.9,0.594%,8.00
2024-11-25,13862,179,659,15.996%,2206.7,10.6,0.480%,13.00
2024-11-24,13848,179,658,25.908%,3561.3,26.4,0.741%,13.00
2024-11-23,13831,178,658,22.720%,3118.2,24.2,0.776%,17.00
2024-11-22,13791,178,657,18.585%,2543.1,19.9,0.783%,20.00
2024-11-21,13751,178,657,16.773%,2288.4,18.0,0.787%,22.00
2024-11-20,13724,178,655,16.466%,2239.8,20.0,0.893%,20.00
2024-11-19,13617,177,653,9.336%,1255.5,15.8,1.258%,19.00
2024-11-18,13358,175,646,8.401%,1112.5,9.7,0.872%,12.00
2024-11-17,13355,177,645,10.052%,1330.2,12.3,0.925%,13.00
2024-11-16,13348,177,641,10.177%,1345.9,12.5,0.929%,9.00
2024-11-15,13336,177,637,10.419%,1378.5,11.0,0.798%,6.00
2024-11-14,13340,177,635,10.325%,1366.3,11.0,0.805%,4.00
2024-11-13,13327,177,635,10.032%,1326.1,10.9,0.822%,4.00
2024-11-12,13309,175,634,9.784%,1291.8,10.4,0.805%,5.00
2024-11-11,13311,175,634,9.464%,1251.0,8.8,0.703%,5.00
2024-11-10,13305,175,632,9.469%,1250.8,9.0,0.720%,5.00
2024-11-09,13306,176,632,9.271%,1224.8,8.8,0.718%,7.00
2024-11-08,13309,176,631,9.022%,1192.0,8.7,0.730%,7.00
2024-11-07,13308,176,631,8.786%,1160.5,8.8,0.758%,8.00
2024-11-06,13310,176,631,7.737%,1022.2,7.6,0.743%,8.00
2024-11-05,13311,176,629,7.455%,984.4,7.9,0.803%,6.00
2024-11-04,13305,175,629,8.399%,1106.9,10.6,0.958%,6.00
2024-11-03,13304,175,627,8.340%,1098.9,10.6,0.965%,5.00
2024-11-02,13301,171,625,11.816%,1555.4,16.3,1.048%,5.00
2024-11-01,13303,171,624,11.632%,1531.2,16.2,1.058%,7.00
2024-10-31,13301,170,623,11.499%,1513.3,16.2,1.071%,9.00
2024-10-30,13298,170,623,11.299%,1486.3,16.2,1.090%,9.00
2024-10-29,13295,170,623,13.349%,1757.6,17.1,0.973%,10.00
2024-10-28,13294,170,623,13.930%,1833.6,18.3,0.998%,10.00
2024-10-27,13286,171,622,13.301%,1749.0,18.2,1.041%,11.00
2024-10-26,13282,171,620,20.205%,2656.4,27.2,1.024%,11.00
2024-10-25,13272,171,617,19.712%,2589.3,26.9,1.039%,10.00
2024-10-24,13271,171,614,18.937%,2491.2,21.9,0.879%,9.00
2024-10-23,13262,171,614,18.482%,2429.3,21.8,0.897%,9.00
2024-10-22,13258,171,613,17.103%,2246.8,20.7,0.921%,9.00
2024-10-21,13251,171,613,14.371%,1890.7,13.6,0.719%,9.00
2024-10-20,13246,171,611,13.063%,1717.3,13.0,0.757%,7.00
2024-10-19,13240,170,609,12.765%,1684.8,5.3,0.315%,5.00
2024-10-18,13243,171,607,12.457%,1644.3,5.4,0.328%,4.00
2024-10-17,13241,170,606,12.125%,1600.0,5.5,0.344%,2.00
2024-10-16,13237,170,606,11.589%,1528.8,5.2,0.340%,2.00
2024-10-15,13231,170,605,11.124%,1466.7,5.1,0.348%,1.00
2024-10-14,13233,170,605,10.525%,1387.8,5.0,0.360%,2.00
2024-10-13,13231,169,605,9.831%,1295.7,5.0,0.386%,4.00
2024-10-12,13231,168,605,9.470%,1248.0,5.0,0.401%,5.00
2024-10-11,13230,169,604,9.048%,1192.3,4.8,0.403%,8.00
2024-10-10,13223,169,604,8.361%,1100.8,4.8,0.436%,9.00
2024-10-09,13214,169,604,7.591%,998.4,4.7,0.471%,10.00
2024-10-08,13214,169,604,7.123%,936.0,5.2,0.556%,10.00
2024-10-07,13202,169,604,8.817%,1157.2,6.8,0.588%,10.00
2024-10-06,13196,169,602,9.247%,1214.7,5.6,0.461%,8.00
2024-10-05,13200,169,601,8.779%,1152.3,6.5,0.564%,11.00
2024-10-04,13197,168,598,8.785%,1152.1,7.3,0.634%,10.00
2024-10-03,13190,166,597,8.668%,1136.0,7.3,0.643%,12.00
2024-10-02,13190,166,595,8.698%,1139.5,7.8,0.685%,10.00
2024-10-01,13188,165,595,8.587%,1124.8,7.7,0.685%,10.00
2024-09-30,13185,164,594,8.412%,1101.2,7.9,0.717%,10.00
2024-09-29,13173,164,594,7.323%,956.8,7.9,0.826%,11.00
2024-09-28,13161,164,590,8.700%,1126.3,18.7,1.660%,9.00
2024-09-27,13147,164,588,8.632%,1116.2,18.7,1.675%,9.00
2024-09-26,13141,164,585,8.537%,1103.1,18.7,1.695%,9.00
2024-09-25,13143,164,585,8.557%,1106.3,18.4,1.663%,9.00
2024-09-24,13135,164,585,8.457%,1093.0,17.8,1.629%,9.00
2024-09-23,13130,164,584,9.133%,1181.3,17.8,1.507%,8.00
2024-09-22,13121,164,583,11.344%,1465.8,22.6,1.542%,7.00
2024-09-21,13111,164,581,11.021%,1423.5,21.5,1.510%,5.00
2024-09-20,13097,164,579,11.001%,1420.1,20.7,1.458%,3.00
2024-09-19,13095,164,576,10.906%,1407.9,20.2,1.435%,1.00
2024-09-18,13093,164,576,10.860%,1402.0,19.9,1.419%,2.00
2024-09-17,13094,164,576,10.784%,1392.3,19.8,1.422%,3.00
2024-09-16,13096,164,576,10.669%,1377.8,19.4,1.408%,4.00
2024-09-15,13090,164,576,10.539%,1360.3,19.3,1.419%,6.00
2024-09-14,13078,164,576,10.872%,1409.1,12.8,0.908%,9.00
2024-09-13,13073,164,576,10.794%,1399.6,11.5,0.822%,12.00
2024-09-12,13069,164,575,10.380%,1346.3,10.3,0.765%,12.00
2024-09-11,13068,164,574,11.202%,1452.6,11.3,0.778%,12.00
2024-09-10,13069,163,573,13.830%,1794.0,13.5,0.753%,12.00
2024-09-09,13062,172,572,13.966%,1811.6,12.6,0.696%,11.00
2024-09-08,13045,172,570,14.103%,1824.3,15.5,0.850%,9.00
2024-09-07,13033,171,567,13.994%,1805.6,18.3,1.014%,7.00
2024-09-06,13003,171,564,13.444%,1729.9,18.2,1.052%,5.00
2024-09-05,12995,171,563,13.661%,1757.3,18.0,1.024%,4.00
2024-09-04,12984,171,562,13.515%,1736.8,18.0,1.036%,3.00
2024-09-03,12982,171,561,13.285%,1706.9,17.8,1.043%,2.00
2024-09-02,12985,171,561,11.996%,1540.8,16.9,1.097%,2.00
2024-09-01,12975,171,561,9.265%,1187.0,15.1,1.272%,2.00
2024-08-31,12947,171,560,8.672%,1106.9,15.8,1.427%,1.00
2024-08-30,12913,171,559,8.176%,1040.5,15.3,1.470%,0.00
2024-08-29,12901,171,559,7.999%,1016.6,15.3,1.505%,1.00
2024-08-28,12900,171,559,7.850%,997.3,15.3,1.534%,2.00
2024-08-27,12899,171,559,7.726%,981.8,14.8,1.507%,3.00
2024-08-26,12893,170,559,7.559%,960.0,14.6,1.521%,4.00
2024-08-25,12890,170,559,7.355%,933.8,14.3,1.531%,6.00
2024-08-24,12887,170,559,7.031%,892.8,13.3,1.490%,9.00
2024-08-23,12889,171,559,7.113%,903.3,13.5,1.495%,12.00
2024-08-22,12877,167,558,6.425%,815.4,12.0,1.472%,13.00
2024-08-21,12868,168,557,6.485%,823.8,10.7,1.299%,14.00
2024-08-20,12853,168,556,6.034%,767.8,7.8,1.016%,14.00
2024-08-19,12782,168,555,7.845%,994.0,8.8,0.885%,13.00
2024-08-18,12730,168,553,10.868%,1372.7,10.8,0.787%,12.00
2024-08-17,12728,167,550,10.555%,1333.2,10.2,0.765%,9.00
2024-08-16,12723,168,547,10.286%,1298.5,10.2,0.786%,6.00
2024-08-15,12718,168,545,11.063%,1396.1,10.9,0.781%,4.00
2024-08-14,12713,170,543,10.911%,1376.3,10.8,0.785%,3.00
2024-08-13,12710,170,542,11.024%,1388.3,12.8,0.922%,3.00
2024-08-12,12709,170,542,10.859%,1367.3,12.8,0.936%,4.00
2024-08-11,12710,170,541,10.741%,1352.5,12.7,0.939%,3.00
2024-08-10,12712,170,541,10.540%,1327.1,12.7,0.957%,5.00
2024-08-09,12715,170,541,10.337%,1301.7,12.6,0.968%,9.00
2024-08-08,12713,170,541,10.382%,1307.6,12.3,0.941%,12.00
2024-08-07,12708,170,540,9.979%,1255.9,12.2,0.971%,13.00
2024-08-06,12702,169,539,8.181%,1028.7,10.5,1.021%,13.00
2024-08-05,12682,169,538,7.934%,998.2,8.0,0.801%,13.00
2024-08-04,12677,168,538,7.088%,884.2,14.4,1.629%,14.00
2024-08-03,12681,166,536,10.222%,1278.3,17.9,1.400%,12.00
2024-08-02,12675,165,533,11.698%,1460.7,22.0,1.506%,9.00
2024-08-01,12682,165,529,13.488%,1686.4,24.2,1.435%,6.00
2024-07-31,12684,165,527,13.374%,1672.5,23.8,1.423%,5.00
2024-07-30,12686,165,526,25.354%,3179.9,36.5,1.148%,5.00
2024-07-29,12688,165,525,25.245%,3166.7,36.4,1.149%,4.00
2024-07-28,12686,165,524,25.128%,3151.3,36.4,1.155%,3.00
2024-07-27,12685,165,524,26.002%,3261.6,36.8,1.128%,3.00
2024-07-26,12688,165,524,27.101%,3406.4,32.2,0.945%,3.00
2024-07-25,12675,165,523,28.759%,3613.7,31.5,0.872%,2.00
2024-07-24,12675,164,522,28.231%,3547.3,31.0,0.874%,1.00
2024-07-23,12664,164,521,27.747%,3483.6,30.3,0.870%,1.00
2024-07-22,12659,164,521,27.490%,3449.9,30.1,0.872%,2.00
2024-07-21,12658,164,521,27.316%,3427.7,30.0,0.875%,2.00
2024-07-20,12654,164,521,27.018%,3388.9,30.0,0.885%,2.00
2024-07-19,12644,164,521,26.670%,3342.3,29.8,0.892%,2.00
2024-07-18,12641,164,521,25.932%,3250.4,27.7,0.852%,3.00
2024-07-17,12626,164,521,25.340%,3171.4,28.0,0.883%,3.00
2024-07-16,12619,164,520,25.019%,3129.1,28.0,0.895%,3.00
2024-07-15,12611,163,519,24.674%,3083.8,27.8,0.901%,3.00
2024-07-14,12611,163,519,24.291%,3035.7,27.6,0.909%,6.00
2024-07-13,12596,163,519,23.454%,2927.5,26.8,0.915%,9.00
2024-07-12,12581,162,519,22.985%,2865.0,26.8,0.935%,12.00
2024-07-11,12568,162,518,21.657%,2698.8,23.1,0.856%,14.00
2024-07-10,12538,162,518,20.338%,2528.8,21.2,0.838%,15.00
2024-07-09,12515,163,517,18.166%,2257.6,15.9,0.704%,16.00
2024-07-08,12473,162,516,18.178%,2257.8,9.5,0.421%,16.00
2024-07-07,12423,162,513,18.124%,2242.3,9.3,0.415%,15.00
2024-07-06,12371,162,510,18.908%,2329.8,9.3,0.399%,15.00
2024-07-05,12344,162,507,19.156%,2355.8,8.8,0.374%,14.00
2024-07-04,12312,163,504,21.263%,2607.9,10.0,0.383%,15.00
2024-07-03,12283,164,503,21.799%,2663.9,13.7,0.514%,17.00
2024-07-02,12238,164,501,21.502%,2617.3,14.1,0.539%,17.00
2024-07-01,12197,164,500,24.035%,2914.2,17.3,0.594%,17.00
2024-06-30,12146,163,498,32.218%,3892.3,20.9,0.537%,16.00
2024-06-29,12082,163,495,46.057%,5512.8,51.8,0.940%,13.00
2024-06-28,11935,163,493,44.056%,5209.8,48.3,0.927%,12.00
2024-06-27,11829,161,489,49.160%,5762.6,52.5,0.911%,9.00
2024-06-26,11774,161,486,48.173%,5619.8,52.1,0.927%,6.00
2024-06-25,11727,162,484,41.742%,4844.3,50.8,1.049%,4.00
2024-06-24,11657,161,483,41.210%,4753.8,50.1,1.054%,4.00
2024-06-23,11622,161,482,40.360%,4644.1,46.5,1.001%,3.00
2024-06-22,11568,161,482,42.615%,4886.4,43.3,0.886%,3.00
2024-06-21,11520,161,481,41.762%,4768.8,42.2,0.885%,2.00
2024-06-20,11483,159,480,40.491%,4608.7,40.9,0.887%,1.00
2024-06-19,11456,159,480,46.305%,5264.5,40.2,0.764%,4.00
2024-06-18,11434,159,480,45.736%,5189.8,39.6,0.763%,5.00
2024-06-17,11411,159,479,45.044%,5100.8,39.2,0.769%,5.00
2024-06-16,11382,159,479,44.118%,4982.7,38.8,0.779%,5.00
2024-06-15,11346,159,479,43.169%,4859.8,38.2,0.786%,6.00
2024-06-14,11297,160,479,59.427%,6655.0,58.5,0.879%,7.00
2024-06-13,11184,160,479,56.553%,6266.2,58.7,0.937%,7.00
2024-06-12,11094,160,476,56.119%,6167.0,58.8,0.953%,4.00
2024-06-11,11068,160,475,60.726%,6661.9,59.2,0.889%,6.00
2024-06-10,11012,160,474,58.627%,6397.9,58.1,0.908%,7.00
2024-06-09,10953,159,472,56.769%,6162.6,55.3,0.897%,9.00
2024-06-08,10897,158,472,55.093%,5948.3,55.2,0.928%,9.00
2024-06-07,10870,157,463,53.724%,5785.0,54.8,0.947%,11.00
2024-06-06,10831,157,463,57.061%,6112.9,67.4,1.103%,15.00
2024-06-05,10702,157,463,49.918%,5280.6,61.6,1.167%,16.00
2024-06-04,10395,157,463,22.216%,2282.6,26.8,1.174%,14.00
2024-06-03,9684,156,463,21.991%,2105.8,23.8,1.130%,12.00
2024-06-02,9568,153,463,22.628%,2142.3,22.7,1.060%,11.00
2024-06-01,9462,153,458,22.904%,2140.6,26.6,1.243%,11.00
2024-05-31,9309,153,458,31.424%,2904.5,20.8,0.716%,8.00
2024-05-30,9144,155,454,32.919%,2989.8,20.3,0.679%,4.00
2024-05-29,9115,155,454,32.291%,2923.3,20.0,0.684%,4.00
2024-05-28,9082,155,454,36.252%,3272.1,20.3,0.620%,3.00
2024-05-27,9028,155,451,35.047%,3144.0,20.0,0.636%,4.00
2024-05-26,8971,155,451,34.305%,3057.7,19.8,0.648%,4.00
2024-05-25,8917,155,451,32.706%,2897.0,19.4,0.670%,4.00
2024-05-24,8904,155,451,31.910%,2822.9,18.4,0.652%,5.00
2024-05-23,8872,154,451,30.823%,2716.3,18.3,0.674%,6.00
2024-05-22,8831,153,451,31.035%,2721.9,18.8,0.691%,6.00
2024-05-21,8801,153,447,41.868%,3665.5,19.3,0.527%,7.00
2024-05-20,8773,153,447,41.518%,3623.5,18.9,0.522%,7.00
2024-05-19,8743,153,447,41.473%,3607.6,18.4,0.510%,8.00
2024-05-18,8703,153,447,39.629%,3435.1,13.8,0.402%,11.00
2024-05-17,8640,153,444,36.398%,3133.3,11.5,0.367%,15.00
2024-05-16,8552,153,444,32.905%,2804.1,9.9,0.353%,16.00
2024-05-15,8490,153,444,27.608%,2335.8,8.1,0.347%,16.00
2024-05-14,8454,152,444,28.769%,2423.4,8.7,0.359%,16.00
2024-05-13,8406,152,434,29.084%,2435.7,9.1,0.374%,17.00
2024-05-12,8305,151,434,23.402%,1924.2,19.3,1.003%,16.00
2024-05-11,8212,147,434,30.443%,2479.4,20.6,0.831%,14.00
2024-05-10,8174,146,428,41.031%,3330.3,23.6,0.709%,9.00
2024-05-09,8138,146,428,39.264%,3173.1,22.2,0.700%,7.00
2024-05-08,8123,146,428,35.679%,2878.0,20.2,0.702%,6.00
2024-05-07,8085,146,428,34.477%,2767.2,20.3,0.734%,5.00
2024-05-06,8057,144,423,32.673%,2615.8,16.7,0.638%,4.00
2024-05-05,8029,144,423,29.469%,2356.7,9.4,0.399%,5.00
2024-05-04,7982,144,423,29.281%,2327.8,9.4,0.404%,6.00
2024-05-03,7974,144,423,28.994%,2302.7,9.3,0.404%,11.00
2024-05-02,7961,144,417,27.524%,2182.2,9.0,0.412%,13.00
2024-05-01,7946,144,417,25.520%,2019.4,8.4,0.416%,14.00
2024-04-30,7914,144,417,29.428%,2320.5,8.4,0.362%,15.00
2024-04-29,7860,144,417,21.571%,1687.8,7.7,0.456%,15.00
2024-04-28,7726,142,417,26.482%,2037.6,8.4,0.412%,14.00
2024-04-27,7589,142,417,43.773%,3309.1,12.8,0.387%,12.00
2024-04-26,7532,141,408,42.390%,3180.0,12.8,0.403%,8.00
2024-04-25,7505,141,408,39.226%,2932.1,11.8,0.402%,7.00
2024-04-24,7484,141,408,37.177%,2770.8,11.5,0.415%,7.00
2024-04-23,7453,141,408,36.385%,2700.7,11.1,0.411%,7.00
2024-04-22,7429,141,405,34.587%,2558.8,10.7,0.418%,7.00
2024-04-21,7397,141,405,32.390%,2385.9,10.0,0.419%,9.00
2024-04-20,7362,141,405,27.429%,2010.5,8.8,0.438%,12.00
2024-04-19,7303,141,393,19.999%,1453.9,6.6,0.454%,13.00
2024-04-18,7252,141,393,19.793%,1429.6,5.8,0.406%,12.00
2024-04-17,7210,110,393,15.501%,1114.4,3.2,0.287%,12.00
2024-04-16,7184,110,393,17.965%,1285.3,5.3,0.412%,12.00
2024-04-15,7163,110,393,22.597%,1610.9,7.7,0.478%,13.00
2024-04-14,7144,110,388,21.624%,1538.0,6.8,0.442%,10.00
2024-04-13,7111,111,388,22.116%,1562.9,9.8,0.627%,6.00
2024-04-12,7097,111,385,21.554%,1519.3,10.4,0.685%,5.00
2024-04-11,7092,111,385,19.153%,1348.0,10.3,0.764%,6.00
2024-04-10,7084,112,385,19.081%,1338.8,12.9,0.964%,6.00
2024-04-09,7068,112,384,32.209%,2263.6,12.9,0.570%,5.00
2024-04-08,7062,112,384,30.865%,2167.0,12.7,0.586%,3.00
2024-04-07,7048,112,384,31.297%,2191.8,14.0,0.639%,4.00
2024-04-06,7034,111,384,29.694%,2075.0,13.7,0.660%,4.00
2024-04-05,7016,111,379,28.278%,1972.0,12.0,0.609%,4.00
2024-04-04,6984,112,379,27.922%,1938.2,11.9,0.614%,5.00
2024-04-03,6962,108,379,27.179%,1880.3,11.9,0.633%,6.00
2024-04-02,6942,108,379,26.494%,1826.4,12.8,0.701%,7.00
2024-04-01,6924,108,379,27.207%,1870.3,13.5,0.722%,8.00
2024-03-31,6911,108,379,26.221%,1798.7,13.4,0.745%,9.00
2024-03-30,6894,108,379,24.817%,1697.9,13.0,0.766%,11.00
2024-03-29,6848,108,374,12.237%,827.9,10.1,1.220%,15.00
2024-03-28,6811,109,374,13.666%,923.3,7.5,0.812%,17.00
2024-03-27,6783,109,374,13.232%,890.1,7.4,0.831%,16.00
2024-03-26,6761,109,374,14.522%,974.6,7.2,0.739%,16.00
2024-03-25,6744,109,373,15.439%,1035.5,5.7,0.550%,16.00
2024-03-24,6704,109,373,19.905%,1325.6,8.8,0.664%,16.00
2024-03-23,6649,109,362,21.686%,1431.1,10.8,0.755%,12.00
2024-03-22,6593,241,362,21.464%,1404.3,10.8,0.769%,8.00
2024-03-21,6542,242,360,19.766%,1283.3,9.8,0.764%,6.00
2024-03-20,6535,241,359,19.893%,1290.3,9.7,0.752%,6.00
2024-03-19,6526,240,358,18.641%,1207.2,9.3,0.770%,6.00
2024-03-18,6516,239,357,18.511%,1196.9,9.3,0.777%,6.00
2024-03-17,6500,239,357,16.798%,1082.8,9.1,0.840%,6.00
2024-03-16,6482,239,356,17.097%,1099.8,8.4,0.764%,10.00
2024-03-15,6468,238,355,15.693%,1009.3,5.7,0.565%,14.00
2024-03-14,6452,238,355,40.313%,2593.4,7.6,0.293%,16.00
2024-03-13,6420,237,353,38.026%,2434.4,6.9,0.283%,16.00
2024-03-12,6386,234,352,39.021%,2485.0,6.9,0.278%,16.00
2024-03-11,6346,234,351,40.506%,2562.2,8.3,0.324%,16.00
2024-03-10,6281,233,350,43.821%,2741.2,11.2,0.409%,16.00
2024-03-09,6172,252,342,24.264%,1487.8,9.8,0.659%,13.00
2024-03-08,6010,244,342,24.012%,1433.6,9.5,0.663%,8.00
2024-03-07,5944,242,338,26.104%,1541.8,9.8,0.636%,5.00
2024-03-06,5932,240,337,25.062%,1479.4,7.3,0.493%,5.00
2024-03-05,5919,240,337,25.562%,1505.0,8.0,0.532%,4.00
2024-03-04,5898,240,335,26.636%,1562.7,8.3,0.531%,4.00
2024-03-03,5892,240,334,26.079%,1528.3,8.3,0.543%,3.00
2024-03-02,5888,239,334,25.296%,1481.2,8.2,0.554%,2.00
2024-03-01,5891,239,334,24.010%,1408.4,6.0,0.426%,2.00
2024-02-29,5881,237,333,23.765%,1391.6,6.0,0.431%,3.00
2024-02-28,5858,237,333,26.441%,1543.1,5.8,0.376%,2.00
2024-02-27,5848,238,332,26.212%,1527.2,5.7,0.373%,3.00
2024-02-26,5844,237,332,25.840%,1504.4,5.7,0.379%,3.00
2024-02-25,5842,236,332,25.484%,1483.3,5.5,0.371%,5.00
2024-02-24,5834,236,332,26.010%,1509.6,7.8,0.517%,6.00
2024-02-23,5831,236,331,25.766%,1494.6,7.8,0.522%,7.00
2024-02-22,5815,236,331,27.623%,1598.6,7.7,0.482%,7.00
2024-02-21,5804,236,331,36.499%,2109.1,9.3,0.441%,7.00
2024-02-20,5786,236,329,36.934%,2125.8,11.2,0.527%,6.00
2024-02-19,5761,235,328,36.435%,2087.7,11.3,0.541%,6.00
2024-02-18,5737,234,326,33.343%,1902.5,10.4,0.547%,6.00
2024-02-17,5718,233,325,33.137%,1884.5,10.3,0.547%,6.00
2024-02-16,5698,230,324,32.548%,1844.4,10.2,0.553%,7.00
2024-02-15,5693,229,324,31.595%,1788.8,9.9,0.553%,6.00
2024-02-14,5671,228,324,30.127%,1699.3,9.2,0.541%,8.00
2024-02-13,5631,228,323,29.307%,1640.9,9.4,0.573%,10.00
2024-02-12,5539,225,322,26.050%,1434.0,8.9,0.621%,14.00
2024-02-11,5474,225,320,22.903%,1246.3,7.4,0.594%,13.00
2024-02-10,5358,284,320,24.358%,1295.9,9.2,0.710%,13.00
2024-02-09,5328,281,318,16.774%,886.8,6.9,0.778%,12.00
2024-02-08,5293,281,316,17.423%,916.2,6.0,0.655%,12.00
2024-02-07,5256,280,316,22.264%,1161.8,8.4,0.723%,10.00
2024-02-06,5224,280,313,29.010%,1504.6,10.9,0.724%,8.00
2024-02-05,5168,279,309,33.202%,1691.0,24.9,1.473%,3.00
2024-02-04,5146,277,307,41.036%,2087.0,24.7,1.184%,2.00
2024-02-03,5124,276,307,41.146%,2083.7,24.6,1.181%,1.00
2024-02-02,5108,274,306,41.186%,2079.2,24.6,1.183%,1.00
2024-02-01,5103,275,306,41.148%,2075.2,24.6,1.185%,1.00
2024-01-31,5102,275,306,41.039%,2069.2,24.6,1.189%,1.00
2024-01-30,5100,274,306,40.886%,2060.8,24.4,1.184%,3.00
2024-01-29,5099,274,306,40.643%,2048.1,24.3,1.186%,3.00
2024-01-28,5090,274,306,41.792%,2102.6,24.6,1.170%,4.00
2024-01-27,5077,274,305,41.396%,2077.1,24.6,1.184%,6.00
2024-01-26,5072,274,305,40.871%,2048.6,24.4,1.191%,6.00
2024-01-25,5070,274,305,40.570%,2032.6,24.3,1.196%,6.00
2024-01-24,5063,274,305,40.115%,2006.8,24.2,1.206%,7.00
2024-01-23,5048,274,303,39.261%,1958.3,23.6,1.205%,5.00
2024-01-22,5026,274,302,47.867%,2380.3,25.5,1.071%,5.00
2024-01-21,4987,274,300,45.925%,2267.0,23.3,1.028%,4.00
2024-01-20,4921,274,299,45.832%,2232.3,23.1,1.035%,2.00
2024-01-19,4904,273,299,48.036%,2333.3,22.4,0.960%,2.00
2024-01-18,4895,273,298,47.675%,2311.4,22.3,0.965%,2.00
2024-01-17,4890,273,298,47.243%,2288.0,22.2,0.970%,2.00
2024-01-16,4886,273,298,46.885%,2268.6,22.2,0.979%,2.00
2024-01-15,4881,273,298,46.497%,2247.4,22.1,0.983%,2.00
2024-01-14,4877,273,298,48.440%,2338.4,24.0,1.026%,2.00
2024-01-13,4868,273,297,47.989%,2312.2,23.9,1.034%,2.00
2024-01-12,4856,273,297,49.563%,2381.4,25.4,1.067%,1.00
2024-01-11,4837,273,296,49.361%,2362.3,25.3,1.071%,1.00
2024-01-10,4824,273,296,48.868%,2332.3,25.1,1.076%,0.00
2024-01-09,4820,272,296,48.280%,2302.7,24.4,1.060%,1.00
2024-01-08,4807,272,296,47.258%,2247.5,24.2,1.077%,1.00
2024-01-07,4795,272,296,46.273%,2195.4,23.4,1.066%,2.00
2024-01-06,4781,271,296,45.298%,2143.1,22.6,1.055%,4.00
2024-01-05,4775,271,296,43.812%,2070.4,21.6,1.043%,5.00
2024-01-04,4753,270,296,42.348%,2002.6,10.2,0.509%,6.00
2024-01-03,4695,269,295,40.792%,1905.1,10.1,0.530%,7.00
2024-01-02,4645,268,295,31.126%,1436.3,9.5,0.661%,7.00
2024-01-01,4603,267,294,34.015%,1554.2,11.5,0.740%,8.00
2023-12-31,4580,268,292,36.231%,1646.2,13.2,0.802%,8.00